time,x,y,z
0.0,0.04010780675704684,0.005409235409856496,0.1979222171284319
0.01001001001001001,0.08337450566853986,-0.017777620798766783,0.10082967428090356
0.02002002002002002,0.0857745823071331,0.004661361295762694,0.18405424767533457
0.03003003003003003,0.04933265664456815,-0.05841221329238572,0.3276673420916596
0.04004004004004004,-0.024252421346518824,0.03775440077768487,0.009062839948872997
0.050050050050050046,-0.014827597480970268,-0.032589108993339326,-0.3600297687356428
0.06006006006006006,-0.023991171481285576,-0.06108277268265622,-0.35621273540235826
0.07007007007007007,0.025351484977891012,-0.09777711041805304,-0.30719507182827377
0.08008008008008008,-0.017564802326982872,0.06840294086811614,-0.04231968098156516
0.09009009009009009,-0.1325319271743728,0.0008503823752280253,0.05154208826208012
0.10010010010010009,0.07188719342777447,-0.0007022683437850555,0.5675603501992363
0.11011011011011011,-0.035169202946307605,-0.053760390855226936,0.3613353431528166
0.12012012012012012,0.0608918846258572,-0.06017179478468702,0.1416707042032845
0.13013013013013014,-0.03761275599649047,-0.009520742217715124,-0.291490668537012
0.14014014014014015,-0.022021232603656907,0.011218248011204968,-0.29520413274283164
0.15015015015015015,0.0160829298741441,-0.019808047433603534,-0.43561058105950484
0.16016016016016016,-0.09836436498610679,0.0022333634115388403,-0.1197546096750294
0.17017017017017017,-0.015053731640262203,0.03287468063330709,0.16896945372495448
0.18018018018018017,0.024913758759438256,-0.0706703085500362,0.4018940387900889
0.19019019019019018,0.04467459536162657,0.03622790509337191,0.31425947481906946
0.20020020020020018,-0.024358696766459693,0.029463103057475917,0.23644296051683475
0.21021021021021022,-0.07154686071929643,0.052857626746712016,-0.03263609540393804
0.22022022022022023,0.027983381657069917,-0.0046264581656691025,-0.23912987789822776
0.23023023023023023,-0.014412372812952387,-0.04582938814277605,-0.35173761888449306
0.24024024024024024,-0.061200376988337093,0.030157051622449166,-0.30558857606267137
0.2502502502502503,0.007243433801069544,0.018465996579604665,0.033793015731714414
0.2602602602602603,0.0006826298865561222,0.03729763437072809,0.25292908895011035
0.2702702702702703,-0.008366638224682362,0.09889163289364182,0.4719650742116898
0.2802802802802803,-0.03797267017257422,-0.044103693014918594,0.30573790743698165
0.2902902902902903,0.04415736694113817,0.08579117448303032,0.1489532869130112
0.3003003003003003,0.022944227691324037,0.02813776520813692,-0.1761237849733769
0.3103103103103103,0.023255186213314835,-0.017269650413493497,-0.47966162466487894
0.3203203203203203,-0.10114781553481172,0.017585033669874888,-0.4331547642842965
0.3303303303303303,0.06626578094979739,0.12144340185869705,-0.07210715111924715
0.34034034034034033,-0.008660456052406795,0.02678457315629239,0.1629874764545916
0.35035035035035034,0.04508856016425684,-0.040555355388643306,0.44132762787504126
0.36036036036036034,-0.015229254352811356,-0.05753606907055964,0.4567706940334792
0.37037037037037035,0.04964000054524253,-0.032707010723384784,-0.03705453374749021
0.38038038038038036,-0.07827291033805633,-0.055858251913446004,-0.06064781614195873
0.39039039039039036,-0.007722047716194035,-0.009120251797069863,-0.3289754317618983
0.40040040040040037,0.014100622575322495,0.044832641427725535,-0.36429413616910633
0.41041041041041043,-0.01106445106851249,0.008557767284606983,-0.17021863273159477
0.42042042042042044,0.034939706174909824,0.006923687410151195,0.039337869316135865
0.43043043043043044,-0.0004052701069175936,-0.07202438550082384,0.2864693879947219
0.44044044044044045,-0.058138671365546735,-0.08673833557536179,0.2960747076589199
0.45045045045045046,0.030332685919427445,-0.020499986676996946,0.1628908408639707
0.46046046046046046,0.048743715519454556,-0.03667256392631687,-0.08364615249278189
0.47047047047047047,0.0852584286224941,-0.0029844880893524174,-0.2406626707888263
0.4804804804804805,0.062140083427957155,-0.032770158744029075,-0.4646387347339991
0.4904904904904905,0.00588789968711503,-0.09887740500591681,-0.11987381310783782
0.5005005005005005,0.0490839318162791,0.11391465603576947,0.07237218260929824
0.5105105105105106,0.031221128326820252,-0.0006998647250077685,0.2514784458894937
0.5205205205205206,0.010151505774290826,-0.08997963842759575,0.5354688281881101
0.5305305305305306,-0.09044158588494086,0.008745245908241972,0.3735719750513815
0.5405405405405406,0.0953264578169062,-0.01846951528639224,-0.0679738720315507
0.5505505505505506,-0.013381180036501773,-0.03290297288530388,-0.1564144433511434
0.5605605605605606,-0.010071618822757466,-0.06115983856083526,-0.41760601531392694
0.5705705705705706,0.018468415999155396,0.04136882321070681,-0.21631264712004822
0.5805805805805806,0.02164044906631092,-0.09131139075155174,-0.08071516365753681
0.5905905905905906,-0.04980762467694738,-0.022989142705444575,0.22220845838257422
0.6006006006006006,0.07688509975210028,0.015297312732717847,0.498861717719574
0.6106106106106106,-0.06668602561629502,-0.04126666563377079,0.47499120052601324
0.6206206206206206,-0.01482390916835465,-0.03941602873244139,0.009926524901393757
0.6306306306306306,-0.008872207817296333,0.0002822083163262287,-0.26205931667521865
0.6406406406406406,-0.03373169262067032,-0.0716607548324381,-0.5148344060009225
0.6506506506506506,0.04479965731031099,-0.006204986153048947,-0.44665487067367243
0.6606606606606606,-0.04317683358897495,0.013345583238966507,-0.1267676712748011
0.6706706706706707,-0.08001937939725524,-0.025089122497904123,0.09292514660391507
0.6806806806806807,-0.01823327152190178,-0.023846900756052797,0.3478153073887289
0.6906906906906907,0.11479907177209817,0.1356697125021988,0.46152787966715103
0.7007007007007007,-0.0010734213495275432,0.0043061271042610216,0.20025695766744403
0.7107107107107107,-0.07902814254412266,0.022514548526081746,-0.2090289062472789
0.7207207207207207,-0.06828354341144864,-0.05467928808870817,-0.3300959317909331
0.7307307307307307,-0.017038351655184306,-0.019323964778591662,-0.3235796202360723
0.7407407407407407,0.09306347354528458,0.01971531683509779,-0.14550365085101125
0.7507507507507507,-0.018744573053843482,0.019930806498248854,0.11961760690537665
0.7607607607607607,0.09581022633045337,0.013902814795691549,0.2352900393610147
0.7707707707707707,0.04315377902625226,0.028777208323979,0.28048807615973315
0.7807807807807807,-0.00778473949428541,-0.016948022555181862,0.3001580163424539
0.7907907907907907,-0.06067171164486923,0.09687556822071719,0.07547288347074123
0.8008008008008007,-0.033403320527869165,0.04718378679830422,-0.29979431804005047
0.8108108108108109,-0.041999258916253064,-0.05305770573617058,-0.47746350994477316
0.8208208208208209,0.04335089887356583,0.006851171860550319,-0.22124263996381266
0.8308308308308309,-0.05458677702105576,-0.04362497808713355,0.028593530968838418
0.8408408408408409,0.01742765804876815,0.04657346604544964,0.11238106130815864
0.8508508508508509,-0.06570994179719974,0.0003205474346648038,0.3500864018914781
0.8608608608608609,-0.06840121066571087,-0.04044094060748792,0.5072377601201855
0.8708708708708709,-0.05877936375051201,-0.09042344098894348,0.0475699927111414
0.8808808808808809,0.0047459173682031916,-0.11494426693080698,-0.10313840638756704
0.8908908908908909,-0.02902607894453195,0.08074958252773853,-0.46045361100107696
0.9009009009009009,0.00048726574664669756,-0.07368045017697526,-0.33410624929425525
0.9109109109109109,-0.004676719704819538,0.01757439572678124,-0.07232777970131621
0.9209209209209209,-0.09895460085395391,0.0913630020147497,0.1416929111298987
0.9309309309309309,0.06438876222573604,0.04271790257281752,0.3404085171983563
0.9409409409409409,0.0068153171631211845,-0.05437878627123432,0.21131052209560178
0.950950950950951,-0.012282231387371584,0.013705186306679128,0.20284799972807108
0.960960960960961,0.01368689206885347,-0.09948647634952557,-0.20155602915013301
0.970970970970971,0.031103495701373104,0.007801900934470732,-0.3454101695846431
0.980980980980981,0.019781531279675618,0.0076487849597399425,-0.37718996994583415
0.990990990990991,0.003972166658393317,0.06496494829420754,-0.03512367162565419
1.001001001001001,-0.017115399355999508,-0.038842972414384155,0.015865307318936338
1.011011011011011,-0.02247847222032474,-0.021319385649315983,0.2997330248655262
1.021021021021021,0.06862820612591634,0.07913824620494248,0.4426584464640979
1.031031031031031,-0.01582821665683506,-0.011821904155608343,0.3157453999401481
1.0410410410410411,0.028009507422477205,-0.02775579641609227,-0.024366044227428926
1.0510510510510511,-0.05176719622364852,-0.03999686167492802,-0.2921851991567106
1.0610610610610611,-0.027945881913140097,0.016141842135699507,-0.3664878329018534
1.0710710710710711,0.10361838711184085,-0.11948995722183438,-0.13226293396520508
1.0810810810810811,-0.0038305353552258894,0.018993028875308557,0.17772802383946723
1.0910910910910911,-0.04162056942149755,0.09592190842471794,0.09766066988348565
1.1011011011011012,0.013801144486508342,0.05220410654303107,0.33194297632848474
1.1111111111111112,-0.02648153253299711,-0.0048937006828814085,0.3413902012651542
1.1211211211211212,-0.0705703077889674,0.017582442389102542,0.306605583636566
1.1311311311311312,-0.02654233210512725,0.0018513486803727814,-0.046879510651451156
1.1411411411411412,0.07640537904791266,0.05643827692598096,-0.2525633528163235
1.1511511511511512,0.03926673893288683,-0.0626573855152348,-0.38809339805184473
1.1611611611611612,-0.00862756846068905,-0.10291254724913873,-0.06638977372702685
1.1711711711711712,0.003024459750372622,0.04293561848618805,-0.011292981648294287
1.1811811811811812,0.09165725170496652,-0.013567101435543278,0.3670884008530637
1.1911911911911912,0.07016568699598962,0.015073108237957558,0.45015421338045286
1.2012012012012012,0.1061797849643193,-0.0457488428535177,0.2540576875710369
1.2112112112112112,0.05200537019001305,-0.0459820234508559,-0.07559563675988668
1.2212212212212212,0.007547225123209729,0.027716341040329575,-0.4777853016906176
1.2312312312312312,0.03246044815473142,0.018901623564322824,-0.32694921899613705
1.2412412412412412,0.08294863889728381,0.09893231583242425,-0.4315088575106903
1.2512512512512513,0.015793094838893972,0.03889334568272793,0.06010799155986618
1.2612612612612613,-0.0014681398679573833,0.010021081143617334,0.15064043540200994
1.2712712712712713,-0.026017865148171393,0.008115960056800396,0.32011999839857136
1.2812812812812813,-0.014507489655431456,0.02403767881591921,0.42609727790842256
1.2912912912912913,0.12804757847110376,-0.02024543552598404,-0.004089921999390294
1.3013013013013013,0.09176387393570647,0.006639222062027543,-0.11242336492317909
1.3113113113113113,-0.07857976176436592,0.010670274750747444,-0.46128676983768385
1.3213213213213213,-0.008864723018211465,0.03507805003265473,-0.20960293704410793
1.3313313313313313,0.051862489574135896,0.035666412959697184,0.12796902236882138
1.3413413413413413,-0.03904916192432778,-0.0008701667342950972,0.2111751313494572
1.3513513513513513,-0.035737096600328595,-0.004136412493540859,0.38825594251706497
1.3613613613613613,-0.04423652024161095,-0.1025932523596852,0.43481320947517765
1.3713713713713713,0.051567113253735954,-0.044862535982789525,0.11051835043532665
1.3813813813813813,0.04624869077715282,0.008423120182620944,-0.25389285387090266
1.3913913913913913,-0.0588398638175247,0.04470850761026739,-0.22426963704808744
1.4014014014014013,-0.041614752154254586,-0.036330185392634794,-0.28095573510236993
1.4114114114114114,-0.014692490394608885,-0.000978943642066552,-0.268296628893433
1.4214214214214214,-0.01716055427220865,-0.051011923649051584,0.021939580578398662
1.4314314314314314,0.020479988926600384,0.034681316921529114,0.29606627541330394
1.4414414414414414,-0.0019525606413146627,0.047891390714572,0.38436881813032975
1.4514514514514514,-0.06513777420429771,0.043132643340838994,-0.01571716549450175
1.4614614614614614,0.020976990113278398,0.05063681715923346,-0.10567641440697771
1.4714714714714714,0.06565822505963705,0.11036374657599964,-0.2877655840816365
1.4814814814814814,0.053034405568697984,-0.011896335491210601,-0.4309483731351102
1.4914914914914914,0.018928724263974003,-0.02005432014166758,-0.35921008011821826
1.5015015015015014,-0.09945409215395594,-0.02170900215841599,0.06232654052862478
1.5115115115115114,0.029657255757227365,-0.029947272579476915,0.4311695700437169
1.5215215215215214,-0.049089021629539764,0.037444449336402244,0.36351209972845244
1.5315315315315314,0.027866107418205922,-0.1239949578129218,0.28599922679365647
1.5415415415415414,0.01870548425436658,0.02029738758985844,-0.1310409759717133
1.5515515515515514,-0.02107412588842821,-0.09032329475436406,-0.36226757416881905
1.5615615615615615,0.027919882979770095,0.03037950364199679,-0.44869529153192766
1.5715715715715715,-0.02040639632202831,-0.04934510243382681,-0.49096333517207014
1.5815815815815815,0.026220799781151972,-0.06079801467897546,0.08736690723874126
1.5915915915915915,0.03938070112700273,0.0076849354656618185,0.24495394989708497
1.6016016016016015,0.0013976163588256519,-0.02756068978806719,0.3812726881445101
1.6116116116116117,0.014853713003873191,0.04570485765130171,0.4659079159809676
1.6216216216216217,0.029570575367621484,-0.024377412270491644,0.008096429235978739
1.6316316316316317,-0.04398657859140557,-0.07254174347138324,-0.22110632691030452
1.6416416416416417,0.011951215997058609,-0.034673149279247785,-0.3292652329994827
1.6516516516516517,-0.013926097592321333,0.01639262227328276,-0.36460305884103544
1.6616616616616617,0.02855420328673508,-0.002190789454816044,0.007797484844413977
1.6716716716716717,0.05527095183648867,0.0783320453374867,0.20971141213782524
1.6816816816816818,0.06590211771526876,-0.05985457924146581,0.2892193222965083
1.6916916916916918,-0.013438436818062616,-0.025271736680764302,0.2872248955255821
1.7017017017017018,-0.02892334076986603,-0.07668272951584008,0.29441281163426436
1.7117117117117118,0.03422526571612658,0.044867102810939474,-0.03983377616165905
1.7217217217217218,-0.010092077175683308,0.03121362844919183,-0.2739149019993696
1.7317317317317318,0.024349463799857342,0.054068787588197234,-0.3926270539063174
1.7417417417417418,-0.06186453495609145,0.026839333096244707,-0.10136424686613674
1.7517517517517518,0.04042747106094424,-0.012967625584854835,0.19662689172310738
1.7617617617617618,0.032097727026630676,0.07294176738687036,0.4866631368844542
1.7717717717717718,-0.08012997231851432,-0.008045537267925453,0.3083200274110658
1.7817817817817818,0.03476296398847559,-0.013122279496894632,0.14091445497
1.7917917917917918,0.02919547488140868,0.09259192164120882,-0.008829231772199913
1.8018018018018018,-0.008400141567200174,0.002135831637539931,-0.22938712876017123
1.8118118118118118,-0.0773060768695489,-0.05352269008259099,-0.593447762295167
1.8218218218218218,0.027103232215645607,0.07309988170624976,-0.3901697080842967
1.8318318318318318,0.058917963081850794,0.07354163716424701,-0.05867799073485482
1.8418418418418419,-0.036447995296723,-0.07628639677289639,0.11914491296558764
1.8518518518518519,-0.015634276177752534,0.007923566675239597,0.5583915388761442
1.8618618618618619,-0.07060788048455717,-0.02488089656019858,0.41346015755885224
1.8718718718718719,0.05380252585229642,-0.08120488244212484,0.21804807465447526
1.8818818818818819,0.05049639753029892,-0.0027751906521389495,0.038931100602930924
1.8918918918918919,0.023931332962766404,-0.025012747888146,-0.35133105363862815
1.901901901901902,0.045619566913762725,0.005296058167110653,-0.2283833045137478
1.911911911911912,-0.07631009655694443,-0.03688437593044024,-0.1509104148270552
1.921921921921922,0.030057447294949892,-0.03828095513323099,0.15208889063601194
1.931931931931932,0.043597738154863674,0.060878244947507626,0.32573685615923775
1.941941941941942,0.022942523347708806,-0.02948229952623756,0.45599986875760623
1.951951951951952,-0.06296260373309347,-0.06862648578608269,0.15868683204454456
1.961961961961962,0.016464710319664545,-0.054409666753861656,0.039795430079059946
1.971971971971972,0.024963124818852173,-0.09372209883565313,-0.39299017234546585
1.981981981981982,-0.011740642846919818,-0.0484024630683945,-0.4611717941407621
1.991991991991992,0.03881470098666051,-0.08358973368298454,-0.12467984217258317
2.002002002002002,0.05363848379886099,0.07140203991736054,0.025926587420477286
2.012012012012012,-0.017475334093883875,-0.1255341503481758,0.2765706178723442
2.022022022022022,-0.08625853152162485,-0.10416229255844711,0.42381551079736307
2.032032032032032,0.016451775589235565,0.041745856052250556,0.30764061355256567
2.042042042042042,0.02482118170406608,-0.08933831231196121,-0.17984373901096032
2.052052052052052,-0.03433808352062818,-0.08290864191364286,-0.13896621696672493
2.062062062062062,0.006291954708235931,0.0031372001765657127,-0.2948768423257816
2.0720720720720722,-0.0366198484286366,-0.026959570704473686,-0.23944754272766078
2.0820820820820822,0.07038774742651403,0.03311440751967682,-0.08462171359188057
2.0920920920920922,0.0064281518680912135,0.005807728399649523,0.15942530631444607
2.1021021021021022,-0.006380608466610287,0.047177767257019054,0.36098399258309877
2.1121121121121122,-0.04571090290092662,-0.04175160570767425,0.5843791939108964
2.1221221221221223,0.04451681238837724,-0.007061020749751035,0.07121050773542703
2.1321321321321323,-0.05692498825582442,-0.03946770338595473,-0.2775110911819012
2.1421421421421423,0.03938974534676262,0.02649610318023467,-0.3226312593889539
2.1521521521521523,0.09414685397474888,0.040597989169415885,-0.4980218826036159
2.1621621621621623,0.09852808154637434,0.024060210228591884,-0.2521701719145089
2.1721721721721723,-0.09714180533184602,0.04570415359237662,0.1922970235041989
2.1821821821821823,0.06166999311237379,-0.07075138888117681,0.3303085105996697
2.1921921921921923,-0.010961822981395558,0.04297015564487694,0.38060550678574
2.2022022022022023,0.059045893881197464,0.023224067163482756,0.1594896592302512
2.2122122122122123,0.017593183449787542,-0.02460064970826051,-0.16899853537764703
2.2222222222222223,-0.0788970113326421,0.032630369201082,-0.43790382470747174
2.2322322322322323,0.036582114247406275,-0.0164612158521492,-0.2525281880468545
2.2422422422422423,-0.03032188563215804,0.1094440917605618,-0.09778098591363611
2.2522522522522523,-0.0563473534135816,-0.014066389154849505,-0.09458773332202282
2.2622622622622623,-0.02532140283262729,-0.036932902537189415,0.2686815989958692
2.2722722722722724,-0.03992525276542106,0.044408735117171805,0.4573805846509583
2.2822822822822824,-0.04063537301091155,0.01995779684655287,0.2612807376724629
2.2922922922922924,-0.08405358991801848,-0.11559827287091565,-0.0446405926368114
2.3023023023023024,0.030986172210807385,0.043467983076889094,-0.1752142888226779
2.3123123123123124,0.07615952005780524,0.024253911631886307,-0.41767257530369595
2.3223223223223224,0.13479543982775127,0.1009178775834134,-0.23590930528526555
2.3323323323323324,-0.00981962559079702,-0.022839594968997456,0.06524232676873681
2.3423423423423424,0.0030540680160457286,-0.01789286443573698,0.20733280917822494
2.3523523523523524,-0.025609005551591447,-0.03131496407229295,0.3697728009489466
2.3623623623623624,-0.024356712608574627,-0.02214930479061355,0.47414671693300947
2.3723723723723724,0.021220148899092073,0.09230207029096146,0.18440138898276856
2.3823823823823824,-0.03784528755606478,0.051926797720962516,-0.2548556463091631
2.3923923923923924,-0.02959615101402977,0.020779478836868103,-0.5525882307019749
2.4024024024024024,0.001424155517144932,0.07437297964081807,-0.3998749669532195
2.4124124124124124,-0.014595286735597747,0.16102434334689647,-0.18139754945581837
2.4224224224224224,0.09349049354217537,0.01723504768151937,0.17155672355329044
2.4324324324324325,-0.1062410112436768,0.008446510863980013,0.21419086491973718
2.4424424424424425,-0.039468159046498474,0.013992988719256942,0.309173057570111
2.4524524524524525,-0.022044992910954075,-0.019896878903886816,0.38978840735248976
2.4624624624624625,-0.01001840088537008,0.07957352904892626,-0.339940042426746
2.4724724724724725,0.00019778419899617772,-0.08608577852201617,-0.36862549513274434
2.4824824824824825,0.01796573253058246,-0.014781411990620281,-0.35545392034936546
2.4924924924924925,-0.02106283460678628,-0.009205643776210299,-0.21153336220988755
2.5025025025025025,0.06673662480572429,-0.05931808428869861,0.11613637851249022
2.5125125125125125,0.026854458752103117,-0.015549201592137438,0.30510299923270157
2.5225225225225225,-0.06946326545192315,0.004597454253970553,0.39278289138438993
2.5325325325325325,0.03870085209949867,-0.08305013049221162,0.22324793679644686
2.5425425425425425,-0.0819271939188512,0.05496238022491876,-0.17277137307151985
2.5525525525525525,-0.02191713900581184,-0.06944341412930875,-0.31575113173807423
2.5625625625625625,-0.024305158790486007,-0.019631432755670135,-0.28463742343936604
2.5725725725725725,-0.005857026031643654,-0.026749704686256866,-0.41742693267392444
2.5825825825825826,-0.019766692213237565,0.018814898823891923,-0.1335577594292227
2.5925925925925926,0.020070010972228502,-0.10963862579498918,0.28840415908210226
2.6026026026026026,0.0541750313275473,0.04520984115808348,0.2759668072461226
2.6126126126126126,0.07015567240476958,0.003278780877161397,0.3871435158565324
2.6226226226226226,0.0021479357373197653,0.026968584506634447,-0.001904642513088764
2.6326326326326326,-0.031390413140608385,-0.033962124471592255,-0.22603313272729078
2.6426426426426426,-0.11756572254990486,-0.008528787309257975,-0.33290468094342873
2.6526526526526526,0.014461080179498906,-0.04725458395677327,-0.33113394790002093
2.6626626626626626,0.024493022589003807,0.08618151714627519,-0.027264934607884816
2.6726726726726726,0.09764209440060273,-0.04211903918221559,0.2886666612121112
2.6826826826826826,-0.015941180363384027,0.07962081516752693,0.4048827747938827
2.6926926926926926,0.08578052233635455,-0.011789094996919804,0.2808752566767635
2.7027027027027026,0.00036358505294062447,-0.03458829461406937,0.020771859641181584
2.7127127127127126,0.048826736348417256,-0.0719036919346447,-0.09351510313847597
2.7227227227227226,-0.00471886433534202,0.03932813052576195,-0.3997106246483726
2.7327327327327327,0.105906706785842,-0.005049357750391687,-0.36748254903617245
2.7427427427427427,-0.059570428462699554,0.03580477364271979,-0.014865715026786935
2.7527527527527527,0.05553758496229788,-0.08616981102593974,0.08055687826479938
2.7627627627627627,-0.034387826010745415,0.03610572770515524,0.3531658591679901
2.7727727727727727,0.05441727820892257,-0.10283345656308295,0.27059256011329147
2.7827827827827827,-0.042618818721505546,-0.07909284649917787,0.33599656938165184
2.7927927927927927,0.06522847085603496,-0.009912965120439684,-0.18853832941901416
2.8028028028028027,-0.07159460345713994,-0.05382514427823634,-0.2990945881252609
2.8128128128128127,0.03852185994763675,0.10200139334289893,-0.09948802758457043
2.8228228228228227,-0.12387194532463751,0.035623013142995395,-0.28525107184671245
2.8328328328328327,0.003218758144143698,-0.002174881278893606,0.08763585975740114
2.8428428428428427,0.08106988885529691,0.02221457823653121,0.23737608419813166
2.8528528528528527,-0.046451607749009145,0.017744232884542566,0.5051253995578663
2.8628628628628627,-0.07819177566784213,-0.02128843950962455,0.3861459730373961
2.8728728728728727,-0.12206754285031451,0.011500206565197096,-0.06121291103764
2.8828828828828827,0.018047354531856928,0.06308417964883549,-0.26240229300459883
2.8928928928928928,-0.07585011941259745,0.006436515290471225,-0.3050666786788618
2.9029029029029028,0.00589019775636242,-0.08138171570869894,-0.36069572794102234
2.9129129129129128,-0.07299802309313926,-0.07803248320265767,-0.21319808588222589
2.9229229229229228,-0.017648477484215545,0.030032009730695627,0.2018078854787001
2.932932932932933,-0.09397638919976821,-0.001975480683112934,0.5431932506093297
2.942942942942943,-0.054521005639680556,0.03411070594133353,0.20245978944489218
2.952952952952953,0.04749042047577445,-0.01583636814312702,0.3112124671668424
2.962962962962963,-0.0005286304507829191,-0.009909643831484651,-0.1391794686695534
2.972972972972973,-0.0020915578228340556,0.04894305883561226,-0.39252845679608256
2.982982982982983,0.04915865277565303,0.008775960351134456,-0.3422407618240161
2.992992992992993,0.03511591182930112,-0.003941298041393992,-0.18388908059388503
3.003003003003003,-0.04242237005259244,-0.025694499767378632,-0.10170997739956734
3.013013013013013,0.04415765330784868,0.0039463809438840996,0.38626143872915586
3.023023023023023,0.01810989682036495,-0.12391407796909548,0.37186184663353733
3.033033033033033,0.0016247195527634311,-0.061173927846490686,0.22491161168596335
3.043043043043043,-0.05053215823933042,-0.04499587434049579,-0.12756359003376327
3.053053053053053,0.021042203826140082,-0.06349018135591392,-0.27476597618989324
3.063063063063063,0.03238584484743519,-0.010312356638342568,-0.2794463342935508
3.073073073073073,-0.05199386149259341,0.06252134879968776,-0.29628348786180336
3.083083083083083,0.00983067609915905,0.016358004909674567,-0.13067490872364984
3.093093093093093,-0.006940650233290957,0.0257847405361476,0.24461255270693644
3.103103103103103,0.009760949763644708,0.04802562116991481,0.4011321367046456
3.113113113113113,-0.06063178755697871,0.08555582578421499,0.21408815808464654
3.123123123123123,-0.013518537041288074,0.018578719963393154,0.0870284218832651
3.133133133133133,0.0016316173125725153,-0.03233524879025439,-0.14116796408290927
3.143143143143143,-0.06199006952404956,0.005624671630054801,-0.443427726484262
3.153153153153153,-0.02492781156907274,-0.08792885815964524,-0.22444313836360696
3.163163163163163,0.0008888617911932882,-0.01802891434441292,-0.11013985191402596
3.173173173173173,-0.03381653639132572,-0.0005238227814860441,0.17387389057443078
3.183183183183183,0.08489977197047369,0.08374404712421704,0.4893337944712143
3.193193193193193,-0.06415872166413253,0.06318064031237668,0.28151640915722065
3.203203203203203,0.08370944494555693,-0.001213328319288963,0.10842845949264347
3.2132132132132134,0.0578884507153321,-0.005683871745266605,-0.051106566478579016
3.2232232232232234,0.041510567323976615,0.042034522040343344,-0.4349865171961805
3.2332332332332334,-0.029060168879877543,-0.020288125050523634,-0.34691075004122157
3.2432432432432434,0.016046224930089458,0.05707375309046425,-0.3058489353914983
3.2532532532532534,0.0061441513649005955,0.06219120792945675,0.1774653082102128
3.2632632632632634,0.02207061316191064,0.04002403390242828,0.281857868822371
3.2732732732732734,0.11350647658520813,-0.047488730317823656,0.29199170941471986
3.2832832832832834,0.03481750751597863,-0.08287262131153648,0.29895902659235174
3.2932932932932935,0.01390799272692536,0.05198432085461283,0.008461518269150793
3.3033033033033035,-0.014546353273284124,-0.012337575219510101,-0.2926256589970812
3.3133133133133135,0.010405445532703995,-0.046954494474742314,-0.3927120537764158
3.3233233233233235,0.07946548437879603,-0.02784859099025685,-0.25822990305632965
3.3333333333333335,-0.011113040622484478,0.029634806976434946,-0.039335051930959854
3.3433433433433435,-0.030218252963950806,0.04444947922223461,0.22379350645649998
3.3533533533533535,-0.020580466676620026,-0.030583543281572412,0.46389680022082436
3.3633633633633635,-0.02980174960743433,0.0018632215808242426,0.3870418835628048
3.3733733733733735,0.02768211881326645,0.005196798745368837,0.060030986415175965
3.3833833833833835,0.03406877132666674,0.011561474624232841,-0.3657951161908618
3.3933933933933935,0.028922278282304415,-0.01751641454091676,-0.43780292635976537
3.4034034034034035,-0.06250314396099864,-0.03508713063155349,-0.4955515372871929
3.4134134134134135,0.06685218551240446,0.08313598977817958,-0.1250345617449975
3.4234234234234235,-0.003571305405772447,-0.03871197685587393,0.22230790616938073
3.4334334334334335,0.00942382077443899,-0.06919895187120056,0.5137054038400153
3.4434434434434436,-0.09077179890001832,0.03610414440925001,0.26356602731168793
3.4534534534534536,-0.001610404985713166,-0.048738090749638585,0.1699856548734227
3.4634634634634636,0.009009880560781482,-0.04784279979611051,0.03072173799048289
3.4734734734734736,-0.003738675178471462,0.008995734466754848,-0.3066821497072888
3.4834834834834836,-0.026809343324900148,-0.02992130326359323,-0.4761136932639651
3.4934934934934936,-0.007131076771932689,0.10504258814944976,-0.18059392447316755
3.5035035035035036,0.008728300845518303,0.1200202830184364,0.041280612135189576
3.5135135135135136,-0.09238942278894141,-0.07939912269655955,0.4723449874127469
3.5235235235235236,-0.002734843355469938,-0.0646656680437328,0.4102499478626652
3.5335335335335336,-0.06222437692170644,-0.029269410761668502,0.2824939997248868
3.5435435435435436,-0.018644485958034935,0.06617141479779495,-0.032576932343367934
3.5535535535535536,-0.0714560160494372,-0.08497758724370802,-0.32818499224074504
3.5635635635635636,0.0066978203444799465,-0.015360030620694912,-0.4382211626918099
3.5735735735735736,-0.08187944769186803,0.013643382026284238,-0.1875139272693287
3.5835835835835836,-0.033069385900541585,-0.018829351117691066,-0.004668467580294233
3.5935935935935936,0.0046828327093802035,0.06935974534229834,0.31115807001380735
3.6036036036036037,-0.0016489533036099721,0.007148472748613687,0.2246699467241418
3.6136136136136137,-0.11936077181236482,0.0012352975582079417,0.29481854373301886
3.6236236236236237,0.04188244331828981,0.07888177756732975,0.07509419900252001
3.6336336336336337,-0.008596892522309614,0.05510444641616204,-0.34317917862838904
3.6436436436436437,-0.006966389537414085,-0.026291030711111153,-0.19589874862136958
3.6536536536536537,0.046624810792731966,-0.04961791307990129,-0.4768810206698804
3.6636636636636637,0.03841215913685661,0.001293939403786321,-0.14545654147678105
3.6736736736736737,0.037330429429016425,-0.0005929539700483507,0.13799254128580854
3.6836836836836837,0.09214963114095331,0.020142086160099226,0.43129636364104723
3.6936936936936937,0.0001412782403118568,-0.020636155323743223,0.37295515851381195
3.7037037037037037,-0.028506291060457087,-0.001963965392418142,0.06381164046773789
3.7137137137137137,-0.05738625403699779,-0.08551038476514773,-0.16580271364070764
3.7237237237237237,-0.03212000682144579,0.02646663575979746,-0.4236864153718676
3.7337337337337337,0.03868772306377294,-0.01247174895762788,-0.30779282183025475
3.7437437437437437,0.011461105353041628,-0.030631402542846232,-0.0712198862801754
3.7537537537537538,-0.049506755353160306,-0.022682985200565553,0.15118092980996795
3.7637637637637638,0.005293694188352948,-0.0426644480478503,0.3368332548673301
3.7737737737737738,0.0076495793332206205,0.13178791199546502,0.24595986551099486
3.7837837837837838,0.07215713873388979,-0.014181171625349815,0.007169782025211013
3.793793793793794,0.010858203911434857,-0.03474548916977996,0.06901663588343311
3.803803803803804,-0.0870096694739842,-0.0010269985264307593,-0.38960005520563856
3.813813813813814,0.0625996219255845,0.04511922095441481,-0.2515656911957804
3.823823823823824,-0.059378810238779126,0.10271854436436667,-0.2077538172026226
3.833833833833834,-0.009489550065962929,-0.032257212363574705,0.10006790207869858
3.843843843843844,0.022783948627421554,-0.08969396892749926,0.35593384206596423
3.853853853853854,0.02095257335936228,-0.004282869906182435,0.6085472967652668
3.863863863863864,0.07491478797103619,-0.06678017012181901,0.30093846154923826
3.873873873873874,0.09443390862192791,0.04888945793259597,0.0030900307370936714
3.883883883883884,0.0006416752363741918,-0.01847610762868133,0.042452052046149824
3.893893893893894,0.03609935016035905,-0.03792202598727887,-0.35202794971586293
3.903903903903904,-0.04490883857960236,-0.053599425111327925,-0.35938849856918476
3.913913913913914,0.12044629737023103,-0.0036297826278342757,-0.13016787094773186
3.923923923923924,0.05269504547579226,0.03724515607409703,0.2031414487800681
3.933933933933934,0.0007796633600445523,0.013134140230581843,0.35964245559764546
3.943943943943944,-0.025645608770128933,0.04112444070879053,0.5102083208475043
3.953953953953954,0.05564112575959055,0.05538620713924584,-0.09564633712049278
3.963963963963964,-0.0013327472464703034,-0.013651486589633081,-0.16137500893164183
3.973973973973974,0.02994012712178908,0.05100662506623595,-0.3137312427555029
3.983983983983984,0.014660768696272246,-0.05256882152209319,-0.24469363105568864
3.993993993993994,-0.005911023405137769,0.07080039705731987,-0.17646570185585397
4.004004004004004,-0.00402570588494392,0.043820265394498126,0.2463414304395965
4.014014014014014,0.012614426507947444,0.004131474324266815,0.5214710692617062
4.024024024024024,-0.02991812952780064,-0.07556334254079176,0.43843009674011496
4.034034034034034,-0.042472327742976185,0.0010508764200428558,0.21710189917267425
4.044044044044044,0.019567391903207696,-0.05013918424583255,-0.03479977381826955
4.054054054054054,-0.014960198139269968,0.014568646942519687,-0.4468431003448352
4.064064064064064,-0.02155771467768881,0.029057427925019287,-0.45512399464682024
4.074074074074074,0.02996853763400875,0.046669331197868896,-0.1294993028556834
4.084084084084084,0.04737183993429294,0.004079199823230044,0.14725970983830802
4.094094094094094,0.041207750689247945,-0.0021605362962684948,0.22707323738415633
4.104104104104104,0.0425288566169337,0.020173148010127064,0.4373180357209316
4.114114114114114,0.03243633717374863,0.08443313097251075,0.38772666464905803
4.124124124124124,-0.05557361924504772,0.05322504244132153,-0.12529439173723325
4.134134134134134,0.010758484879900283,0.1420446399835562,-0.3945295169125358
4.1441441441441444,0.005083517858567287,0.04311542080336553,-0.3980858689046549
4.1541541541541545,0.04379685728540744,0.010439429138727615,-0.41568303197841494
4.1641641641641645,0.011309754076986417,-0.04025152235350171,0.013684828160934276
4.1741741741741745,0.009524660510471848,-0.0561285442282654,0.1500696056659053
4.1841841841841845,0.05472702178520981,0.00038797920175133297,0.34806939970815
4.1941941941941945,-0.007152019479833984,-0.017160434267140725,0.34146786268388485
4.2042042042042045,0.012109011092194312,-0.12376923172099936,0.040189296312791334
4.2142142142142145,-0.008060239971762665,0.022072847390573136,0.046278876484281
4.2242242242242245,-0.024422404543016404,0.017024653617362065,-0.43974626071616973
4.2342342342342345,-0.0662199619770324,0.1046356013331576,-0.25851085587081224
4.2442442442442445,0.003872037584402425,-0.012421315303951602,-0.049394988091121916
4.2542542542542545,0.08534219280734258,-0.057879598177426966,0.30471075562872263
4.2642642642642645,0.031349154146377595,-0.016390328138743675,0.30459106850981005
4.2742742742742745,0.010124893198540319,-0.05937392689634468,0.4127900846877683
4.2842842842842845,0.03251189972020964,-0.0588798724991961,0.11012206531723832
4.2942942942942945,-0.018099125295119804,0.05737595540910189,-0.19386475422103344
4.3043043043043046,0.06317397115667571,0.03078741781502156,-0.53061512816752
4.314314314314315,0.003573980429085965,-0.04834925941023753,-0.42322542461212465
4.324324324324325,0.0024977157918291033,-0.03823972668319768,-0.3314369635358866
4.334334334334335,0.07682688812993466,-0.0018771776012190583,-0.05280167181527498
4.344344344344345,-0.006389997412606516,0.027106802365035022,0.22958739185169252
4.354354354354355,0.029369567607568238,-0.09871449116953165,0.19339569195167558
4.364364364364365,0.018207673397451853,0.03090559565364337,0.3126364540377258
4.374374374374375,0.026063032428449612,0.013344613108609071,0.02709390915475499
4.384384384384385,-0.06786553250378019,-0.003948101781635905,-0.14593281024633464
4.394394394394395,0.03257719804525197,0.0855316686021712,-0.48353638461665466
4.404404404404405,0.0179952514587834,0.020445772734756146,-0.24024666615750762
4.414414414414415,-0.036239149377420274,0.09821807444789951,-0.2773794696760631
4.424424424424425,0.00626549319090066,0.10133984404907603,0.24731404649759745
4.434434434434435,-0.0678924161001675,0.0024815532088757492,0.4290178270168553
4.444444444444445,0.038485030226655115,-0.005401875057100939,0.2308015265652266
4.454454454454455,-0.093121446733119,-0.08763137187154563,0.09442096971057642
4.464464464464465,-0.0701489121712521,0.02827724511801455,-0.1627064334354954
4.474474474474475,0.03848683565308423,0.013054473914252952,-0.23621041031662365
4.484484484484485,0.009724685528453575,0.02340267359523324,-0.43394747237313663
4.494494494494495,0.08720700743841321,0.03069536925382755,-0.09372372257931293
4.504504504504505,0.08188065259289415,-0.04124068919622784,-0.01887677325849918
4.514514514514515,0.023309242575904235,-0.036065323082766915,0.16639130473439576
4.524524524524525,0.024716611001820904,0.01108975663809805,0.2920033643217312
4.534534534534535,-0.03816125621874292,0.051027244276610734,0.22544454622902885
4.544544544544545,0.029431330840890974,-0.007980247911976181,-0.0027030695192480914
4.554554554554555,-0.026458076221123134,0.0065474126120619695,-0.5261396148106672
4.564564564564565,-0.053423553542055004,-0.03923754985543759,-0.391830544910157
4.574574574574575,-0.055924545204070364,-0.008221393354965871,-0.19726436614482062
4.584584584584585,-0.03227220059977202,-0.06684880049942116,0.1439990945801933
4.594594594594595,-0.07367857567951631,-0.03275180325844764,0.1334363099915554
4.604604604604605,0.039448801501123426,-0.0007819121812475357,0.4116370964334208
4.614614614614615,0.034505835760670296,-0.01581959959128866,0.17133166412194312
4.624624624624625,0.021021536420519734,-0.03349407839176823,0.11126897930091054
4.634634634634635,-0.08510660704131887,0.020058755403936878,-0.18773419002277605
4.644644644644645,0.03346221001606882,-0.09833888584611544,-0.6061915625508871
4.654654654654655,0.02017381901897183,-0.0358042532560052,-0.4729391673956538
4.664664664664665,-0.0924351916088264,-0.08896251710406675,0.016521989440154233
4.674674674674675,0.01846623950792653,0.07531875833736436,0.08387542347183202
4.684684684684685,0.06000724793820004,-0.13160169667200872,0.21828404339190122
4.694694694694695,-0.06379104738641748,-0.0264159041257815,0.3757586082132805
4.704704704704705,0.0517905507465951,0.0318874413877525,0.14924688123585017
4.714714714714715,0.028756348172893978,0.01008996711139074,-0.0727093526648205
4.724724724724725,0.013497416587851288,0.04478692553840554,-0.3799175404488704
4.734734734734735,0.004453390271588985,0.023348772427955487,-0.1327179334618776
4.744744744744745,-0.033639562429243944,-0.06466656924944726,0.06464376018943019
4.754754754754755,0.013336854775200552,-0.060964259425215585,0.27857624195248853
4.764764764764765,0.027034554672086236,0.01750282650977619,0.35159884517640666
4.774774774774775,0.041630714209844405,-0.06950212923374174,0.4772512330698866
4.784784784784785,-0.03614316701041861,0.02983166279046666,0.27814496544505757
4.794794794794795,0.005203578722425524,0.05278817179239621,-0.16295023917041834
4.804804804804805,0.03049394150010662,0.012012259453649145,-0.3257994442208077
4.814814814814815,-0.0999545134439268,-0.019229460566873944,-0.4800308792432951
4.824824824824825,-0.07723604633794899,0.019168394431728932,-0.19654963442621795
4.834834834834835,0.04129609587543431,0.0696869875002779,0.12356436970307506
4.844844844844845,-0.041005970382039715,-0.0011938254326207707,0.28710749519776096
4.854854854854855,-0.1031504301756679,-0.05413517876394633,0.42863074230778353
4.864864864864865,0.046832768983936256,-0.0011507138170274123,0.26624194876182056
4.874874874874875,0.04455719038504733,0.03144836669799569,-0.011611526284269669
4.884884884884885,-0.0018226912771453045,-0.07631041440974073,-0.4019650919033231
4.894894894894895,0.006501087227872461,-0.07810992026384256,-0.3273726825218577
4.904904904904905,0.01954647893518859,0.06871796313544136,-0.3225105150277688
4.914914914914915,0.010136616357785722,-0.005176281764964885,-0.1298844923484858
4.924924924924925,-0.0432992502789092,0.04535235558681147,0.27133359411384156
4.934934934934935,0.12590843070353508,-0.06784396066329221,0.3209305090490534
4.944944944944945,-0.0627723782453529,0.031753610986330484,0.2821757576323173
4.954954954954955,-0.0947691099804932,0.01645003552440618,0.22201523780687812
4.964964964964965,-0.10278511195105394,-0.00845675106636568,-0.08138740522851773
4.974974974974975,-0.0070684233513953745,0.03729862203887795,-0.48986112469374643
4.984984984984985,0.05908378302254657,-0.026875465435129944,-0.4988953252550373
4.994994994994995,-0.07155473987851148,0.008694545177130265,-0.2284935839010575
5.005005005005005,0.08244406719661831,-0.08956215300845757,0.07747507511298736
5.015015015015015,0.014668670729246248,-0.08051930850213326,0.20221511464505956
5.025025025025025,0.07551127409904268,0.000622763883670627,0.5320731476447453
5.035035035035035,-0.036631451729122265,-0.0012891168880550868,0.10920204716904106
5.045045045045045,0.01848216162078094,-0.018069145817563335,-0.0983143776490732
5.055055055055055,0.0011082544781726906,-0.001572356535149185,-0.3149768004435771
5.065065065065065,0.07028457766616485,0.03185818824724969,-0.553180816035556
5.075075075075075,-0.050890524107459215,-0.02690195268444794,-0.09736360967201549
5.085085085085085,0.02523223208916009,-0.013065090062724362,0.16679736904617615
5.095095095095095,0.0652240754700718,-0.004218432896087826,0.3985223180894115
5.105105105105105,-0.059746677533086184,0.034721267559404786,0.40516146982372697
5.115115115115115,0.0068115937488323055,0.002622003466158892,0.34999623042036
5.125125125125125,-0.05047971114683693,-0.060646418009789954,0.11021976052363865
5.135135135135135,0.02059907784892505,0.06448986370359354,-0.2656581449784543
5.145145145145145,0.020840536056578013,-0.005233341768166623,-0.22804906813024467
5.155155155155155,0.1469842731379497,-0.00594003520787782,-0.4972923139377789
5.165165165165165,-0.022822577153294756,-0.03391042910292266,-0.02208931766296851
5.175175175175175,0.02130759865633118,0.014201818571177706,0.15628699122374606
5.185185185185185,-0.03709643108517823,-0.05679387967795321,0.3035577732668207
5.195195195195195,0.03776058200062653,-0.05072908961213916,0.30356578418061325
5.205205205205205,-0.02235994027626321,-0.08035326613942508,0.09028435161844287
5.215215215215215,-0.10371264032103063,0.0394154682997314,-0.19847110458842349
5.225225225225225,-0.05826019157031545,-0.011018808874698485,-0.374621327074851
5.235235235235235,0.006924160011446953,-0.05581507646876194,-0.21328433731260255
5.245245245245245,-0.09459981067288863,0.009090515086773904,-0.15795785058084882
5.255255255255255,-0.09986788185793102,-0.011159149142684786,0.20092964514680128
5.265265265265265,0.023400625742745707,-0.03794924504039854,0.2536632823185591
5.275275275275275,0.0984906260842411,0.0373742229433491,0.4543661529509801
5.285285285285285,0.01318101421450039,0.015840495284372643,0.23620869054769694
5.295295295295295,0.014692758004088483,-0.02766722938449563,-0.19842485761463796
5.305305305305305,0.03241639182558171,0.030150598501598253,-0.37852752224505465
5.315315315315315,0.02939158105667481,0.01685793496689197,-0.4184921129119603
5.325325325325325,-0.01701516690389636,0.06386395040278957,-0.35915140217104036
5.335335335335335,0.017663516520265522,-0.07621387931407503,-0.13507201343400405
5.345345345345345,-0.04478802972027517,0.06085457424790447,0.2901560415976761
5.355355355355355,-0.12263464965159823,-0.013936400752505754,0.6593632990256353
5.365365365365365,0.015455184236523934,-0.02546156278996464,0.33044043688996555
5.375375375375375,0.09852182966495111,-0.037360361304718356,-0.09642045150124297
5.385385385385385,0.05792098111238782,0.06607211151221594,-0.3281343345812533
5.395395395395395,0.01208998291256765,-0.05864589106200174,-0.5375405320685341
5.405405405405405,0.022383264480403155,-0.00044951752732631247,-0.22797421665550177
5.415415415415415,-0.06078823453547194,-0.016772814979259216,0.17132684054374483
5.425425425425425,0.017641210315615136,-0.08460296129523001,0.1367602468226018
5.435435435435435,-0.05327802261755519,0.01235043955824257,0.21654888189242405
5.445445445445445,0.08278266926073814,-0.045278868654383464,0.370581853836126
5.455455455455455,0.04776689462179237,-0.004056248432136029,0.20600961006815643
5.465465465465465,0.03351207876957048,-0.0077072071137981235,-0.1598651246723674
5.475475475475475,-0.04050353971955524,0.009687767973565353,-0.3604525474764476
5.485485485485485,-0.0002735784912254679,-0.03023501108388726,-0.38550835730812577
5.495495495495495,-0.0191917673767858,-0.007985844701147849,-0.1311692419634821
5.505505505505505,0.010619410735832287,-0.015512992265578283,0.022626161115943344
5.515515515515515,-0.05697364970508426,-0.047124972312477774,0.311346916264328
5.525525525525525,-0.07258688810077127,0.016717906707744836,0.2832315918121464
5.535535535535535,0.023099006605049575,-0.001107906779912149,0.13115416973382416
5.545545545545545,0.004786641694034848,0.05901502981409606,-0.09758409286993548
5.555555555555555,0.06690189827801228,0.016685289995611943,-0.37057020788808476
5.565565565565565,-0.07943830725976113,0.007980854991945428,-0.21546623312875568
5.575575575575575,0.06804255521980708,-0.01439928714445907,-0.1672365341569497
5.585585585585585,-0.0767297309657356,-0.05894682797162959,-0.04503191282657147
5.595595595595595,0.00040177205218555655,0.0858009860976429,0.2846922233198011
5.605605605605605,-0.0022807487469384837,-0.0070521769158775165,0.41645837976179945
5.615615615615615,0.021246286481374412,-0.004938209327388196,0.14795126220988686
5.625625625625625,-0.012101262474418922,-0.06000779168863453,-0.038315554139282296
5.635635635635635,-0.006764887336014692,-0.0645086593008337,-0.14941524271359133
5.645645645645645,-0.03234297812549077,0.08972359823908868,-0.24286039393623263
5.655655655655655,0.05510391774568466,0.02602098446922312,-0.29615883977717755
5.665665665665665,0.07258258548488432,0.010477352837323355,0.15724037023186926
5.675675675675675,0.029573175530434467,-0.035163754869738294,0.2216298406700443
5.685685685685685,-0.03132211230725245,-0.0667447468264875,0.5137546549171396
5.6956956956956954,-0.007632528034664798,-0.08195856274598734,0.2687819003030706
5.7057057057057055,0.04682930287522857,0.04044932017720875,0.01986573899473569
5.7157157157157155,0.024487093517568725,0.01619433510556271,-0.1510590310845311
5.7257257257257255,0.04251361674673043,-0.02158363460708755,-0.37857753172293795
5.7357357357357355,0.053160272224086105,-0.06595591918181985,-0.37582029373997766
5.7457457457457455,0.026743989869523112,-0.09783168154808947,-0.19579109764913938
5.7557557557557555,-0.009141899756064253,-0.07981726792850025,0.11999792448012375
5.7657657657657655,-0.021094213951412973,0.019919861572368688,0.3309082586076729
5.7757757757757755,-0.05103771637024456,0.02969240492934283,0.4012779583282366
5.7857857857857855,0.04919004504333989,0.0029847993126760337,0.192684449957905
5.7957957957957955,0.019556501495453946,0.004603011313526926,0.08390948689671004
5.8058058058058055,-0.01214612481516023,0.0647605092241338,-0.2438887435678923
5.8158158158158155,-0.0017683513956396658,0.0011673765234278056,-0.5939436982246984
5.8258258258258255,0.03436480203740411,-0.08849243917961098,-0.25577247017095966
5.8358358358358355,0.011767350868627674,0.0234482546458559,0.09321434807311223
5.8458458458458455,0.06525775228155832,0.016902281952780106,0.5466130289438912
5.8558558558558556,-0.032976151124798826,0.05956688022259768,0.34620625599300897
5.865865865865866,0.018617028868480563,-0.053161334487231794,0.29853926907137174
5.875875875875876,0.058525817391371776,0.0011487966481436144,-0.01691220459887351
5.885885885885886,0.04515064661274723,-0.03324334915162527,-0.3078231027727475
5.895895895895896,0.04444171246077323,-0.026029521985190842,-0.5473550526371849
5.905905905905906,-0.009128894082263462,0.007829689502122417,-0.23051636717289226
5.915915915915916,0.08652590741102928,0.04504081258657178,0.0552566619585073
5.925925925925926,0.06691721463606484,-0.034508559996026776,0.3260240077493821
5.935935935935936,-0.014357467041696964,0.03385955348411312,0.541618762883819
5.945945945945946,0.03576896838002759,0.039281066815377075,0.33309784295363026
5.955955955955956,-0.062452671847252145,-0.02326941225159286,0.12363109633834202
5.965965965965966,0.16644494744894509,-0.018414063097165725,-0.1929743107109313
5.975975975975976,0.005853980282677182,-0.041161131753298684,-0.3652337910026121
5.985985985985986,-0.09851806057685156,-0.04548817988877754,-0.3170053317521426
5.995995995995996,0.07121687676961848,0.10124268924906527,-0.003471977126226544
6.006006006006006,0.0007294524167661688,0.0174013388796795,0.14527197556768667
6.016016016016016,-0.04729040637767018,-0.007544200087824745,0.1835180453941534
6.026026026026026,-0.012686056771592034,0.024815008114116494,0.3031500113513853
6.036036036036036,-0.10437126189308746,-0.11557888444094758,0.3434905621335482
6.046046046046046,0.13425995368657992,0.002617582586086181,-0.035075723672360434
6.056056056056056,0.003893299921102516,0.06671694426893003,-0.21985395173532082
6.066066066066066,-0.006155804066787422,0.08243346712385638,-0.36574710762595397
6.076076076076076,-0.006710621407357883,-0.009489664275535818,-0.19716702128321092
6.086086086086086,0.0017572404062336248,0.031447537721177324,-0.0013929954157780033
6.096096096096096,-0.026671280795467475,-0.027626522185773807,0.4580450727830243
6.106106106106106,0.008615636319892593,0.028054168465016557,0.47682535608266524
6.116116116116116,0.06500093688463751,0.08874576459882251,0.1462021432271282
6.126126126126126,0.10191069489771931,0.03173353657095873,-0.0218953538346083
6.136136136136136,-0.044074933959924845,0.03888607808615342,-0.39131145650775223
6.146146146146146,0.016110541560723515,0.036471902964345736,-0.31184250357525645
6.156156156156156,0.0001928082008761116,-0.08116053499498821,-0.4012263062472518
6.166166166166166,-0.07760770466931526,-0.05000199815344789,0.11995142527839314
6.176176176176176,-0.004676889608515636,0.029495652617132596,0.15502246535193132
6.186186186186186,0.046209474604151035,-0.05584565918623309,0.3697583285603566
6.196196196196196,0.01872441502621643,0.04885514203736844,0.3605218642156852
6.206206206206206,0.003447551114066685,-0.07035884032661265,-8.529641615129258e-06
6.216216216216216,0.06881950435321701,0.01371812249298203,-0.23534110691923088
6.226226226226226,0.0016981372866854043,-0.09544344505983411,-0.228417006099935
6.236236236236236,0.03614715311248474,0.05248545651241772,-0.3344969305425163
6.246246246246246,-0.005237199816732357,0.09472594592881602,-0.025206326953785774
6.256256256256256,0.058749188050590484,0.03295637993541544,0.39054576143758524
6.266266266266266,-0.009315204851015,0.07955104171698668,0.4657658898318622
6.276276276276276,-0.04727467028860516,0.03375598264694792,0.2423684003824773
6.286286286286286,-0.06775703356546489,-0.031068502379131408,0.18222701090396187
6.296296296296296,-0.023991045168135418,0.041573689247971723,-0.14731578202573328
6.306306306306306,-0.03270307185549471,0.004540892824038583,-0.3217425353512157
6.316316316316316,-0.05365514017457904,-0.001713168584444735,-0.2246175769833107
6.326326326326326,-0.014585663365634233,-0.010467470178267171,-0.19675126055622671
6.336336336336336,-0.01706978220450386,-0.060354716713897506,0.09204522190703611
6.346346346346346,-0.044306287679732916,0.006929742991676322,0.09584303397678037
6.356356356356356,0.05935740230454334,-0.07894064514060833,0.2083063287839647
6.366366366366366,-0.02890617977498775,-0.055240725125989126,0.17081450684006225
6.376376376376376,0.0932296761867621,-0.07866770220691298,0.03722590587949612
6.386386386386386,-0.11607144207256125,-0.01465557904949994,-0.3946178619879178
6.396396396396396,-0.0049070050397188175,0.10045037046298731,-0.48716342272978935
6.406406406406406,0.06549275731769459,-0.00026802163521214565,-0.3896483259631489
6.416416416416417,-0.060581750274829295,-0.05986769572040145,-0.22365772970805461
6.426426426426427,0.020633709696083375,-0.03188891328782747,0.32331115519827824
6.436436436436437,0.017706854909826843,0.047027741276589666,0.2965041558635856
6.446446446446447,-0.050725129635468304,-0.0435121148049741,0.3120276234373684
6.456456456456457,-0.047832788227155386,-0.019951736144720216,0.055405140522735465
6.466466466466467,-0.02784532611032612,0.02493729162719458,-0.3195987619074005
6.476476476476477,-0.05865041492436085,0.020012517916749885,-0.4696996241481505
6.486486486486487,-0.020734629683035577,0.012240537027931188,-0.3308588390421804
6.496496496496497,-0.056735874106277,0.0366308583627124,0.020632539831510435
6.506506506506507,0.0064511651567487035,-0.01764283988182456,0.12996309238657916
6.516516516516517,0.03540746963246444,-0.013898714061169052,0.4504749717385392
6.526526526526527,-0.00041242480549808164,-0.004429725296268047,0.28079348894251116
6.536536536536537,-0.024411659138454774,0.06518641088845166,0.25249359916636605
6.546546546546547,-0.007232296304737592,0.007295810987920092,-0.060668802893906526
6.556556556556557,0.012101966393257921,0.0005755168675811668,-0.398393873006293
6.566566566566567,-0.12057155083892877,0.052307821754334474,-0.3687753425669588
6.576576576576577,-0.02757222339863946,0.06063607037914198,-0.2992875056339159
6.586586586586587,-0.06268522348227411,-0.050443950028857036,0.07193722687113893
6.596596596596597,0.061813353806068706,-0.06093227809074323,0.3153658517610059
6.606606606606607,-0.007936139485783816,0.017788985676800217,0.23485574937852863
6.616616616616617,0.07473608363808132,-0.08391839075301116,0.2118526463505728
6.626626626626627,-0.004583043377169772,0.013612931578471474,-0.011503371697067818
6.636636636636637,0.02559846929466297,0.00865680093046331,-0.4595807523755701
6.646646646646647,-0.052039056702452825,-0.03604494339307747,-0.45037326406331013
6.656656656656657,0.02899079081100094,0.028073584183978612,-0.32213372356367553
6.666666666666667,-0.13510861522636003,0.00554515320893766,-0.0619434120415137
6.676676676676677,0.006894291015364463,0.0012404348869896966,0.22163497234667556
6.686686686686687,0.04035852619899487,0.028856939143131973,0.3670067010207216
6.696696696696697,-0.03124695350414436,-0.03527763321869396,0.49115794945743274
6.706706706706707,-0.012757107884083067,0.021371185134145376,0.011929794461914896
6.716716716716717,0.002529538721820576,0.0606961466214793,-0.10486470472079837
6.726726726726727,0.05391872452121382,-0.028037116804098,-0.4272310388932977
6.736736736736737,0.03399422269476354,-0.07851853220244448,-0.2905854682468862
6.746746746746747,0.029438071474432993,-0.016663814516256106,-0.10666261575276008
6.756756756756757,0.08699621083274045,0.07033014261576853,0.32307022805131913
6.766766766766767,-0.05791830074260021,-0.02332595264989809,0.3570487227701041
6.776776776776777,0.04797496942067721,-0.02455027775165855,0.3684983464039366
6.786786786786787,0.07064246553127462,-0.07071246153576878,0.10145069790763059
6.796796796796797,-0.05273779851981796,0.05963707679631119,-0.24893707732560888
6.806806806806807,0.07338946751344126,-0.03131302044055599,-0.33730006326030587
6.816816816816817,-0.015520736520441784,0.03373198180097941,-0.4710648137248455
6.826826826826827,0.14096967648481878,-0.041318980445231954,-0.1353872770085655
6.836836836836837,-0.06496859944881193,0.05938601491340764,0.21985598276339213
6.846846846846847,-0.05193694394245168,-0.08538563639922465,0.30145163233538036
6.856856856856857,0.021538114378976993,-0.0443616857311995,0.22422383989477176
6.866866866866867,0.010090738725261068,0.07458861985682307,0.05918672062319716
6.876876876876877,0.08453313293607889,-0.00018647436755115594,-0.0663064398914524
6.886886886886887,-0.0010148154683338477,-0.044614737104304525,-0.3418842927688741
6.896896896896897,0.004883607518469838,0.001357245514271562,-0.4401584011026023
6.906906906906907,0.07248448073558487,0.04376912651548701,-0.33571597763339667
6.916916916916917,0.03640457122011637,0.07779027381724822,0.01664237965373664
6.926926926926927,-0.07561476189264804,0.06301354529521563,0.3058078658666176
6.936936936936937,-0.02664122015000403,0.04165907827949525,0.3413885301522234
6.946946946946947,0.03789920980514147,0.015547658533741675,0.38936419059740757
6.956956956956957,-0.026690836469392416,-0.01277970268965102,-0.06959665239699087
6.966966966966967,-0.003929273387952849,0.07426382884636008,-0.35560324677998156
6.976976976976977,0.045364798691115746,-0.019236123637031605,-0.3715162886630566
6.986986986986987,0.06381025740309319,0.014335952947689818,-0.298615697018301
6.996996996996997,-0.09621939365383136,0.12015730556175248,-0.15033870744125122
7.007007007007007,-0.01522039669249027,0.016160404647034724,0.02962629285973084
7.017017017017017,0.03290148139089074,-0.0011655074005287708,0.47429289843426187
7.027027027027027,0.030801523908020153,-0.0236982326813805,0.42992003306628435
7.037037037037037,-0.007536629277874391,-0.013098854610989223,0.013901562991980462
7.047047047047047,0.039710909278376394,0.053664222371904206,-0.017414245047623955
7.057057057057057,0.049108479425924875,0.022498993220539304,-0.19782658833641278
7.067067067067067,-0.0924197358045401,0.038055844697784745,-0.31337966581572846
7.077077077077077,-0.02127570260244116,0.011956781480780124,-0.21196484029655036
7.087087087087087,0.04922798954309254,-0.014468007154729706,0.05880655420495677
7.097097097097097,-0.024421006244255302,0.05083649176088432,0.3136353609085107
7.107107107107107,0.02293672065111964,0.017941930248764608,0.44372354304004424
7.117117117117117,-0.03327792985841471,-0.09139812371351122,0.19798863190273108
7.127127127127127,0.03726764266294302,0.016647877248114205,-0.14372339763821831
7.137137137137137,-0.012389461144402415,-0.02556143353124851,-0.30543094905971124
7.147147147147147,-0.05028364598344426,-0.04610977602435218,-0.46233441582623136
7.157157157157157,-0.04267725156145794,-0.0812611126185239,-0.3608489167716016
7.167167167167167,-0.04928700294955181,-0.1275227729406435,0.040072268078438514
7.177177177177177,0.06580444612747546,-0.1543880964709936,0.05422706239411407
7.187187187187187,-0.10355658592993303,-0.0170182388299903,0.31304461567369496
7.197197197197197,0.020068792622145983,0.07491769457788797,0.30982700988157913
7.207207207207207,0.025311515451453454,-0.047698454774571665,-0.011257969316007678
7.217217217217217,0.026088259582935144,0.05581540285080894,-0.4872227489602556
7.227227227227227,-0.06986850356904997,0.0388585540819473,-0.2517035225176525
7.237237237237237,-0.055157901554811366,0.013741607298601506,-0.3045728857141172
7.247247247247247,-0.09813178534969587,0.000820318397952509,-0.208448879428793
7.257257257257257,-0.017919738134077542,-0.05024595339381878,0.3566761597269844
7.267267267267267,0.01584012414107397,0.029141138936382833,0.23674943691660838
7.277277277277277,0.06296482800271712,0.05203016912627165,0.5084669668001958
7.287287287287287,0.001593916363156616,0.09009133480213181,0.20736436541964548
7.297297297297297,0.06452241552297819,-0.08085110870163727,-0.11204535363348686
7.307307307307307,-0.022466757538317905,-0.0309133669613394,-0.4781260140945421
7.317317317317317,0.03583486353298311,-0.013578040402763164,-0.26024379050388713
7.327327327327327,0.015452359112561112,0.03288529028969907,-0.19560015376603643
7.337337337337337,0.06610690848313189,0.06628094496126356,0.19345774055634482
7.347347347347347,0.05136767210816854,-0.04815513484274144,0.33935482090888536
7.357357357357357,0.014688189121617172,0.03121506965443324,0.5542002237475069
7.367367367367367,0.04965988298212406,-0.05752870519391611,0.04741264014459212
7.377377377377377,-0.024912371132547392,-0.07088941683385945,-0.12634081062613822
7.387387387387387,0.02055899376182603,0.022619752420506723,-0.3945286201150153
7.397397397397397,-0.0073268193049977745,0.06304466310245434,-0.3559453761625715
7.407407407407407,-0.03920120659285569,0.023060161854197472,-0.23059887977831553
7.4174174174174174,-0.022649439740576538,-0.12373818074644777,0.1701318460158842
7.4274274274274275,-0.004999096516357005,-0.07517650178017153,0.250801405468462
7.4374374374374375,-0.060933980964932716,0.011049207150012771,0.49314245666519174
7.4474474474474475,-0.0775345924028484,0.06150933776378741,0.13809578529316097
7.4574574574574575,-0.028885982245803646,-0.05221074703249165,0.11586522555833431
7.4674674674674675,0.030699111614382532,0.09661109390216312,-0.3348572401626918
7.4774774774774775,-0.0005935197672234789,-0.010876216890510038,-0.6380896812247834
7.4874874874874875,-0.016458925482706787,0.04008110866647144,-0.20291440557765802
7.4974974974974975,0.014025914576649241,-0.0020583822806890142,-0.05572893871549371
7.5075075075075075,-0.03286695788466797,0.011387621845185637,0.20941998315530444
7.5175175175175175,0.07318960086996308,-0.08536759544075691,0.4102009209272382
7.5275275275275275,-0.018504234476623308,-0.0030561634377343984,0.39610993651592263
7.5375375375375375,-0.055009880600216714,-0.048753238789903335,0.14172672451521134
7.5475475475475475,-0.025825259636861914,-0.0764312809086346,0.015104599911957534
7.5575575575575575,-0.036335325734074914,-0.05439731602962018,-0.3383373963388848
7.5675675675675675,0.03503505660923824,-0.030471693390628486,-0.4963975803040269
7.5775775775775776,-0.004115918450598953,0.027054176397556064,-0.005220273034905493
7.587587587587588,-0.03309120716841162,-0.04307459026421238,0.21263798532492795
7.597597597597598,0.010898548194839604,0.015221941998503975,0.15805815908268409
7.607607607607608,0.05147712772173553,-0.03396881897949739,0.39652632504152757
7.617617617617618,-0.0475445094578819,0.026950816890411233,0.020882797690618793
7.627627627627628,-0.0727275385286024,0.0014226326056486047,-0.19863706236771722
7.637637637637638,0.021687809456295636,0.008369268528496834,-0.5342861424771006
7.647647647647648,0.05687697124905711,-0.03126209425280521,-0.2580044002149654
7.657657657657658,0.0005747622265106821,-0.07776146428380866,-0.17655043401751697
7.667667667667668,-0.039448124601525504,-0.09299890601174593,0.2315031448245663
7.677677677677678,-0.0646292472455414,-0.04523297515293967,0.26859460236437027
7.687687687687688,0.054515729814940767,-0.07344091844190731,0.6305245868681406
7.697697697697698,-0.048811862636054804,0.028351825626858947,0.45593820702847093
7.707707707707708,0.06893283835747795,-0.0034897703571624087,0.057262258047265896
7.717717717717718,-0.04849313186300485,-0.04827973664887226,-0.3117038747829063
7.727727727727728,-0.027737138823185205,0.0504725754444909,-0.7428409235263597
7.737737737737738,-0.06793862735924128,-0.0012834388082882736,-0.27893424655608046
7.747747747747748,-0.0541466861393434,0.00100966605748336,-0.1391428772577437
7.757757757757758,-0.031279870355208586,-0.025553788303082598,0.1884067072097017
7.767767767767768,-0.04413284187590573,0.11489599368543663,0.5920234451546936
7.777777777777778,0.12245186373515947,-0.01890611752754011,0.4071927441150765
7.787787787787788,0.01756758631390255,0.021902963797362496,0.08308983662533087
7.797797797797798,-0.07541014683936859,0.0458955837836767,-0.43769992646026157
7.807807807807808,-0.04869715775577452,-0.06854530069443662,-0.4273564858544432
7.817817817817818,-0.02869774130462041,-0.04476937893092509,-0.2945036596671273
7.827827827827828,-0.03501102257581832,0.04913793369847169,-0.23949634753062143
7.837837837837838,0.06544458886653326,-0.043154253200483134,0.193720606536674
7.847847847847848,-0.0990148772822872,-0.054161333265495805,0.4025123120187839
7.857857857857858,0.0405520304217632,0.01800342708031084,0.36055865309437907
7.867867867867868,0.013259932817047963,-0.0031289229102592834,0.025051275621259167
7.877877877877878,0.07519154625090424,-0.10008378647654081,-0.0858617051266621
7.887887887887888,0.003088492131131776,0.0010925358548770376,-0.39504320846809116
7.897897897897898,-0.05520140208037225,-0.013998092931846113,-0.11251325899411774
7.907907907907908,-0.12064970751438153,-0.09325903088777429,-0.12034759241072818
7.917917917917918,0.01596607319292878,0.0313953014956219,0.0060364216558372805
7.927927927927928,0.06834648031233764,0.02650267723402406,0.21996095476668093
7.937937937937938,0.05084945595897366,-0.004322287931605802,0.4385916754993171
7.947947947947948,-0.05426475061833678,-0.023402015377648817,0.1374165486791996
7.957957957957958,0.051582893031501,0.03243177945635219,-0.047798914740004736
7.967967967967968,-0.02036073363531999,-0.0185604622860131,-0.4928343989296581
7.977977977977978,-0.07422707704533966,0.022291317736181884,-0.4009319923251148
7.987987987987988,0.05853043600467322,-0.09688210091851884,-0.14948704526703502
7.997997997997998,0.021616200219368453,0.02565648429148385,-0.05168486930638047
8.008008008008009,-0.09456333990378792,-0.04285428258728716,0.2576089680856668
8.018018018018019,-0.04772169347201754,-0.0591059865917366,0.37584854716430216
8.028028028028029,0.01617059844937681,0.013318783338930352,0.22549166695327716
8.038038038038039,0.04176682155177717,0.007753414877989956,0.13579078939451433
8.048048048048049,-0.06583317803422752,0.022594353353972002,-0.3185957199619884
8.058058058058059,-0.08517824913300205,0.0005917343676302255,-0.6704378543732281
8.068068068068069,-0.03923906704604093,0.042204692551561784,-0.2980654300917308
8.078078078078079,0.048668331800122,0.03861722785197446,-0.19964869382567213
8.088088088088089,-0.0655158906721442,-0.0027294116241577916,0.17858488945218384
8.098098098098099,-0.09341009547000698,0.034208990579958534,0.3032306781659156
8.108108108108109,-0.058004338720899454,0.03704859131073565,0.42873330226554096
8.118118118118119,0.05490796698917301,-0.025446841905468018,0.1881351949607687
8.128128128128129,0.08910464124935649,0.03525478107151529,-0.19314003309658673
8.138138138138139,-0.005534833195240032,-0.03655134608347595,-0.3624823012906686
8.148148148148149,0.05835804760123664,-0.07341906627451343,-0.5361943434776999
8.158158158158159,-0.03895971369400569,-0.040457387253307345,-0.18502604530803024
8.168168168168169,-0.03141529637582871,-0.013275185919585365,0.09824128634118309
8.178178178178179,0.01089997505415671,-0.09319014770147876,0.249222675020659
8.188188188188189,-0.023677067620205987,0.054577397115676884,0.4991659022305381
8.198198198198199,0.07647864029470582,-0.04888280812878725,0.20206417178495123
8.208208208208209,-0.018968178938834925,-0.012446664992899039,-0.17256477352632937
8.218218218218219,0.016350616891247824,0.002454418347075192,-0.28721892392267573
8.228228228228229,-0.05246412128253161,0.09505497730569208,-0.4407566806645779
8.238238238238239,0.07533123427978022,-0.038451432435618355,-0.35016716927062863
8.248248248248249,-0.0369615977217915,-0.07155284523236265,-0.2615856072079243
8.258258258258259,-0.028751156863544392,-0.010096417021865227,0.24685895395906005
8.268268268268269,-0.007818085695755634,-0.07119418667538065,0.3655763263225645
8.278278278278279,-0.0537297567206698,-0.01034317728846336,0.4165762822265366
8.288288288288289,-0.048948096576326094,-0.0075664543043231156,0.06889203441300942
8.298298298298299,0.042844924364684525,0.03675011033859763,-0.11513919912173873
8.308308308308309,-0.0057213476674440635,-0.013576978119763595,-0.4363363804677959
8.318318318318319,0.03909173198531543,-0.056668839407110164,-0.5277989090727684
8.328328328328329,-0.012675378249315054,-0.03849736200509019,-0.10831373651689558
8.338338338338339,-0.05821358456335596,-0.0010644694260967395,0.17516206113747587
8.348348348348349,0.011250729476482282,-0.038231515215076714,0.4391653445950078
8.358358358358359,0.11182776048516614,0.001772493388076406,0.359858375635755
8.368368368368369,-0.03011829093691717,0.01742705810219028,0.14064057475835742
8.378378378378379,-0.07374975159085287,0.02261295396241358,-0.03951820863709156
8.388388388388389,-0.061906902010528314,0.02543983803178256,-0.362031373285313
8.398398398398399,-0.02468983549411881,0.08469952544365866,-0.3035519763331099
8.408408408408409,0.052541642778644565,-0.08407407351080125,-0.39706733400104954
8.418418418418419,-0.06785053804145579,0.0334594248186784,0.03859384828743283
8.428428428428429,0.0737470301534578,-0.0016475617457902916,0.43672189254442856
8.438438438438439,0.015939317656608814,-0.0688328497120501,0.3456003562367074
8.448448448448449,-0.07099363352465943,0.04052340330711922,0.2554969037456895
8.458458458458459,-0.08587897322115248,0.011546724033167113,-0.05598279525502937
8.468468468468469,0.05245681257796636,0.0056310207632229445,-0.2429975432047141
8.478478478478479,0.06749295350498301,-0.11270808664639234,-0.329999610323942
8.488488488488489,0.017265778760498503,0.015717909955292323,-0.2793923859296389
8.498498498498499,0.07744666283201719,0.01348913187982389,0.06947184521243219
8.508508508508509,0.10050155191328405,0.056637632267912255,0.23932669632592554
8.518518518518519,-0.024993065867127615,-0.03907633408855985,0.45002852124646625
8.528528528528529,-0.011081650695692663,-0.020823793351250126,0.27130388643026815
8.538538538538539,0.003294266161645491,-0.022698529641292306,0.1360569240875983
8.548548548548549,0.011409191332309115,-0.04926555408999551,-0.241932206975521
8.558558558558559,0.03552282875334633,-0.028854860605741103,-0.3658375747075019
8.568568568568569,0.018333642331459097,0.03564689248655919,-0.22242722676296556
8.578578578578579,-0.08206954229949699,-0.05523559591992491,-0.28201787758854047
8.588588588588589,0.024517571661696644,0.05256886423156287,0.0036465216133320377
8.598598598598599,-0.005885363880393895,-0.008531327904248685,0.3858351760512336
8.608608608608609,0.08970569255266714,0.03105943325536289,0.315841608810007
8.618618618618619,-0.13497821781716537,-0.10619999425461431,0.2623690956744373
8.62862862862863,0.030310187738677337,-0.035846481647913105,-0.18036516870836097
8.63863863863864,0.024941985725738403,-0.013900066144793891,-0.39156643908649214
8.64864864864865,0.008511130390675276,0.04549661845861681,-0.15531802763133248
8.65865865865866,0.027438574842078185,0.008577689196417377,-0.1871402773906159
8.66866866866867,0.030849266375630444,-0.06736876485520651,0.02321932267753763
8.67867867867868,-0.01401262656643186,-0.011716787303959957,0.37054325131068394
8.68868868868869,0.06247206460539682,0.03433021576134386,0.4379030828470756
8.6986986986987,-0.00991663328298009,0.01950080246286681,0.16994710193418494
8.70870870870871,-0.09540768498283239,-0.06141019697479935,0.13504937740282877
8.71871871871872,0.04935307086856946,-0.07660321586646388,-0.19038396521060524
8.72872872872873,-0.027020360305402898,-0.019228635277927772,-0.5738182222742927
8.73873873873874,-0.051413143993893795,0.04147771465707489,-0.26012520034534625
8.74874874874875,0.03011382575129333,-0.06470646895003476,-0.030490479362817263
8.75875875875876,-0.01024349803637814,0.0015429681215270406,0.12627036029858404
8.76876876876877,-0.05877372610957195,0.006675517609338953,0.3449905103723797
8.77877877877878,-0.10480703531560592,0.020337361243655462,0.38204968968731634
8.78878878878879,-0.04048755006884534,-0.021461958510926086,0.0840187070294926
8.7987987987988,0.07666050929723082,-0.044543131194878086,-0.1743825804753364
8.80880880880881,-0.04850732727196912,0.044370137455947534,-0.4291653030630442
8.81881881881882,0.029257281252255036,0.03980330644121032,-0.36934868678312716
8.82882882882883,-0.01418788321395183,0.0035684254130934866,-0.12523951352482057
8.83883883883884,-0.03502578692245036,-0.09282980366264888,0.017811999567402037
8.84884884884885,-0.05821501622932651,0.0016959436882396078,0.21945922762152115
8.85885885885886,0.052514195588604366,0.057232563582182976,0.26662615793421096
8.86886886886887,0.036302945171983576,-0.015881672100801575,0.0917339959272437
8.87887887887888,-0.007477714719120854,-0.04495354471659968,-0.01398934486838832
8.88888888888889,0.0410541569893731,-0.08484080146028194,-0.28161310405572204
8.8988988988989,0.01753481258507392,0.048347419945946594,-0.30625625570326354
8.90890890890891,-0.013609469823528545,-0.02053389484229523,-0.24558902387493484
8.91891891891892,0.00521737015259706,-0.00028379591316306626,0.10692879768242564
8.92892892892893,-0.06500741575264525,0.054297133918880705,0.2289499297778983
8.93893893893894,0.010576504379258618,-0.015076703980250567,0.5062606794684836
8.94894894894895,0.018578080614241325,0.015897591270608462,0.27297082866274397
8.95895895895896,0.12166517347320144,-0.04858901593462857,-0.0001418895673909286
8.96896896896897,-0.020063990365504762,-0.04986499238446426,-0.30530163914179365
8.97897897897898,0.09655083745407861,0.023223876823381635,-0.23549247298197123
8.98898898898899,0.021557045668593542,0.03702263646298878,-0.3143293536591197
8.998998998999,0.03417480868562552,0.07985367881908745,0.09026467448809478
9.00900900900901,-0.022436781547906737,0.009101172962165624,0.11679638195220987
9.01901901901902,0.023053528183113493,-0.012753716451804674,0.5957696046690513
9.02902902902903,-0.031174991567185145,0.15233789044329182,0.3011428229609106
9.03903903903904,0.028419643258904705,-0.03751010757313436,0.23141871968933536
9.04904904904905,-0.04996274829681395,-0.02520312878256667,-0.18177568494165375
9.05905905905906,0.058494392105619825,0.013645794351059382,-0.3213684899215349
9.06906906906907,0.07780708698061131,0.0014519244334754476,-0.32843844086040724
9.07907907907908,-0.05286597398977482,-0.16016169545462375,-0.15788477205135965
9.08908908908909,-0.10346995592469382,0.054050101660164024,0.10190626811584354
9.0990990990991,0.0045890862444877304,-0.07426063779058888,0.5021021255607174
9.10910910910911,-0.006831441845302937,-0.004438569157853216,0.4072958486632351
9.11911911911912,0.02246288062587512,0.06936171293514411,0.14131011628079881
9.12912912912913,-0.0014777508502520369,-0.034268576471178404,-0.10434776770320328
9.13913913913914,-0.08920515411812935,-0.081614756953581,-0.29282098616007307
9.14914914914915,-0.01495747702621855,-0.029742418438766183,-0.3359183376273967
9.15915915915916,0.06598567579652519,-0.0873636833563733,-0.10205238677289388
9.16916916916917,0.000343273053052427,-0.025657826670785713,0.14363494520156736
9.17917917917918,0.09636801754201314,0.09295845270758887,0.2629008957054989
9.18918918918919,-0.013085006708218959,0.02731860270212377,0.3499373377494675
9.1991991991992,-0.016829085256117714,-0.016385616891566496,0.22200380533102587
9.20920920920921,0.055983894237116555,0.03792990854233724,0.08930782964807846
9.21921921921922,0.021889443489934695,0.010995418172326108,-0.2361320433333247
9.22922922922923,0.023636281737100823,0.11517028908567506,-0.3430818671472037
9.23923923923924,-0.03866195050865082,0.041257544921547776,-0.3402012608264798
9.24924924924925,0.05129357482515493,0.00510077659785875,-0.05988911920728944
9.25925925925926,-0.02330043514188197,-0.02527552873559401,0.41134905187539106
9.26926926926927,0.07831690020675558,0.07106353396690783,0.3635517884859591
9.27927927927928,0.02357633089844727,0.05281066364877496,0.3023613244666012
9.28928928928929,0.027865190235079797,-0.1115849965620343,0.08677487686334515
9.2992992992993,0.034739625948769316,-0.020756404001819745,-0.24267576877604635
9.30930930930931,0.016700630006830013,0.020820273053846206,-0.30343353699396636
9.31931931931932,0.010850994305189016,-0.018921338403992165,-0.44784037080722433
9.32932932932933,-0.02319490702426941,0.05171953962760546,-0.2360917913762376
9.33933933933934,0.032068488704317014,0.01820640873184942,0.15985034519515687
9.34934934934935,-0.0045502809835863516,0.01240422618341967,0.49765143198577233
9.35935935935936,-0.06273708651890551,-0.17146110175635454,0.32309397496544656
9.36936936936937,0.04582308244859848,-0.05670393441886739,0.1335365179910188
9.37937937937938,0.023623569221796203,-0.025535179018788476,-0.08018131619930907
9.38938938938939,0.04483493071351762,-0.0004635891781545249,-0.4665912834534136
9.3993993993994,-0.0790974882776838,-0.04337258324470796,-0.41619471013438347
9.40940940940941,0.0004964890341102846,-0.03695436499615975,-0.24956627165708412
9.41941941941942,0.020541707109501383,-0.06934464811643012,0.11724139348651345
9.42942942942943,-0.0513031368291818,0.040948555117403446,0.23550301146868524
9.43943943943944,0.013067522727499446,0.029092839728729187,0.3854211127654897
9.44944944944945,-0.024966824307743066,0.052906626266991386,0.231763045593294
9.45945945945946,-0.002395725891456999,-0.002774706704161591,0.06917945741497518
9.46946946946947,0.05599879959981241,0.11073414233508164,-0.338454616726345
9.47947947947948,-0.03252587610827853,0.051595826205946306,-0.41253358874047436
9.48948948948949,-0.032529527689099495,0.042426315477810485,-0.12542040333180007
9.4994994994995,-0.04803200852478953,0.0364650231886658,0.10783201833992688
9.50950950950951,-0.011328933449312701,0.005478983972268548,0.11844162191595434
9.51951951951952,-0.10180082161684925,-0.1382390161548397,0.4717581863026945
9.52952952952953,-0.01623940557877015,0.06319818485786732,0.34265821276260083
9.53953953953954,-0.04438619687899597,-0.11229042131976932,-0.04753147043122562
9.54954954954955,-0.06547238237337087,0.054616984947812856,-0.30434265441780356
9.55955955955956,-0.12398080877873373,-0.03539332777846284,-0.08517849451154502
9.56956956956957,0.04073483390160404,-0.02319154959070231,-0.32644846909857145
9.57957957957958,0.027544682539687018,-0.026779514523230026,-0.2133535104118947
9.58958958958959,0.08440166450425102,0.050336552981152485,0.19236771044375306
9.5995995995996,0.022705563026946034,-0.062327604150062194,0.4735859093696135
9.60960960960961,-0.05552070667250587,0.11282147061443222,0.5148968631215152
9.61961961961962,-0.06606823293302705,-0.02885156258977205,0.06848162373195739
9.62962962962963,-0.05078543242233549,-0.09774829672706675,-0.28260030119664725
9.63963963963964,-0.04704103741209214,0.06890785744216281,-0.5310310516385089
9.64964964964965,-0.002190355288109156,0.06646820276825079,-0.3825019773648524
9.65965965965966,0.04619148251786488,0.051107891077094486,-0.14946800527291246
9.66966966966967,0.018987293002917443,0.01236800305064769,0.11448708668020754
9.67967967967968,0.008972208771082494,0.08009018198640243,0.3669680755042718
9.68968968968969,-0.031051295500265703,-0.011083676772067093,0.31777872369904775
9.6996996996997,0.11139485120705149,0.028224452866631125,0.12765109822596782
9.70970970970971,-0.025240416527535215,0.029537720401497665,-0.1655653588126457
9.71971971971972,0.02927758732271396,-0.02099343008708687,0.13094327524032617
9.72972972972973,-0.01876955366687822,-0.07634481193259003,-0.3566418208515796
9.73973973973974,0.07791416690801492,0.02860112824206619,-0.3976624662455492
9.74974974974975,-0.014581525191375741,-0.075346688533777,-0.04741966710738619
9.75975975975976,0.07109354280574381,0.08343710379308064,0.20474197295415103
9.76976976976977,-0.08554408217244248,-0.06909128422346963,0.348587295414679
9.77977977977978,-0.0169480020577738,-0.07820537480533482,0.5166251354399379
9.78978978978979,-0.03150955656343228,0.01692211204478229,0.0818018865409984
9.7997997997998,-0.09956205794652778,-0.003503201544288811,-0.20020626985949114
9.80980980980981,0.04908445505234629,0.034769661170226576,-0.4477171709794626
9.81981981981982,-0.036267359072625606,0.004428279527806449,-0.2211916032325239
9.82982982982983,0.04255054499251598,0.0679447636690804,-0.2035453857161249
9.83983983983984,0.01708231728630936,-0.041773550344523604,0.16492733999733256
9.84984984984985,0.07025204432898553,-0.06966098178061671,0.32459835318632496
9.85985985985986,-0.08344521816764253,0.03615512116445372,0.3916666443208423
9.86986986986987,0.09302501887564318,-0.01789666440728784,-0.08959595127611417
9.87987987987988,-0.03919862478395971,0.013675891786969175,-0.1658638344063645
9.88988988988989,-0.0240220216529395,0.01729278193567067,-0.32885793815659164
9.8998998998999,-0.0022943556109800674,0.053256777132369204,-0.4536154953206504
9.90990990990991,-0.1600915533278043,-0.005452487448544418,-0.16966752779028366
9.91991991991992,0.0272122728530856,-0.0536756672164557,-0.0411072689925695
9.92992992992993,-0.09583482307360291,0.04539159133697474,0.45726214271438187
9.93993993993994,-0.033841461205648425,0.0008009511233112599,0.21921248737685262
9.94994994994995,-0.03012757121544282,0.027970633134883023,0.12875633862967922
9.95995995995996,0.07400028840218191,0.030262451412065572,-0.010432414215197146
9.96996996996997,0.04896984871082816,-0.031692705527172446,-0.35460948605089915
9.97997997997998,0.0691594653710809,0.020885804637141153,-0.4218241992434175
9.98998998998999,-0.043489281189005774,-0.05049480605726019,-0.14577623233931886
10.0,0.11323093516149714,-0.040161781219318,-0.01824411422155238
